period,compound,pos,neg,neu,anger,anticipation,disgust,fear,joy,negative,positive,sadness,surprise,trust
Detective Story,-0.03445417131696428,0.07208689244265992,0.0691916137099953,0.8587282804960767,0.009551168953526566,0.014236849867932977,0.005532871352073547,0.013173909870804927,0.011686361164653563,0.021204800638542128,0.031237629582804693,0.011948998236345872,0.006968593859708436,0.019726234589987783
Distant History,0.13806828042328045,0.0709681500293748,0.038311456947030975,0.8907319160465846,0.007170600896709443,0.016683067234032244,0.004588881201727338,0.017897305781808037,0.012925008613358517,0.01662606601822774,0.03673297434195579,0.008467870257310306,0.006037500207662902,0.02213065780941382
Modern History,0.17589732919254658,0.08396570437308817,0.03274938318386594,0.8832936580702323,0.007282484422390336,0.02258434718851955,0.004474796083056345,0.011657300088718056,0.025589686074931495,0.02005337340521377,0.03496101566676665,0.011179872909679799,0.007859670264295595,0.021647754911619955
Present Day,0.14365811943476575,0.0825602813826935,0.037913324032495484,0.8794932194977028,0.00928971904361214,0.016793810998260553,0.006720268288674261,0.009059504342020316,0.013212408703895971,0.020476397811607778,0.03638886871854817,0.010623604319443349,0.008322507467469027,0.020243573338228293
